elapsed_s,gpu_c,mem_c,power_w
0,34,47,40.11
5,37,50,101.13
10,38,51,93.5
15,39,52,102.24
20,40,51,91.56
25,40,52,102.2
30,40,53,95.95
35,41,54,102.42
40,41,54,100.08
45,42,54,93.28
50,42,55,99.85
55,42,54,103.99
60,43,55,102.52
65,43,55,93.11
70,43,56,101.43
75,43,55,100.86
80,44,56,101.17
85,44,56,102.23
90,44,57,97.54
95,44,57,99.5
100,44,56,105.79
105,45,56,104.98
110,45,57,97.02
115,45,57,106.28
120,45,57,103.75
125,45,57,103.99
130,45,57,104.9
135,46,57,102.18
141,46,58,102.78
146,46,58,99.74
151,46,57,101.05
156,46,56,102.83
161,46,55,99.61
166,47,56,98.79
171,47,57,99.82
176,47,57,110.39
181,46,57,104.76
186,46,58,102.98
191,46,58,100.15
196,46,58,101.67
201,46,59,99
206,46,59,95.54
211,46,58,99.68
216,46,58,100.71
221,46,58,101.94
226,46,59,100.14
231,47,59,97.21
236,46,59,92.64
241,47,58,106.6
246,47,59,100.86
251,47,58,95.44
256,47,58,107.78
261,47,58,98.05
266,47,59,92.44
271,47,59,97.4
276,47,59,100.04
281,47,59,98.76
286,47,58,97.16
291,47,59,95.81
296,47,58,98.13
301,47,59,96.78
306,47,59,94.24
311,47,59,104.49
316,48,57,98.44
321,47,57,49.35
326,47,57,103.79
331,46,56,63.12
336,46,57,131.56
341,48,57,118.47
346,47,57,150.77
351,48,57,47.02
357,47,57,64.04
362,47,59,109.01
367,47,59,95.78
372,47,59,96.9
377,47,59,106.51
382,47,59,98.41
387,47,60,100.47
392,47,59,100.53
397,45,56,63.56
402,46,58,98.62
407,46,57,100.68
412,46,57,51.28
417,47,59,99.41
422,47,58,99.36
427,47,59,98.43
432,47,59,106.35
437,47,58,103.59
442,47,58,98.82
447,47,58,89.82
452,45,55,59.68
457,46,58,100.06
462,46,58,98.23
467,46,59,97.99
472,46,58,101.48
477,46,58,98.61
482,47,58,103.69
487,47,59,102.2
492,47,59,95.94
497,45,56,63
502,45,56,95.18
507,46,58,99.31
