timestamp,gpu_idx,temp_core,temp_mem,power_w,sm_clock_mhz,mem_clock_mhz,util
2026/08/13 23:26:11.252, 0, 46, 59, 41.01, 210, 1728, 0
2026/08/13 23:26:11.258, 1, 42, 58, 33.48, 210, 1728, 0
2026/08/13 23:26:12.311, 0, 46, 59, 40.94, 210, 1728, 0
2026/08/13 23:26:12.322, 1, 42, 60, 33.38, 210, 1728, 0
2026/08/13 23:26:13.363, 0, 46, 59, 40.94, 210, 1728, 0
2026/08/13 23:26:13.369, 1, 42, 58, 33.38, 210, 1728, 0
2026/08/13 23:26:14.408, 0, 46, 59, 47.09, 1140, 1728, 0
2026/08/13 23:26:14.414, 1, 43, 60, 39.09, 1140, 1728, 1
2026/08/13 23:26:15.453, 0, 52, 61, 126.11, 810, 1728, 100
2026/08/13 23:26:15.460, 1, 50, 62, 143.80, 885, 1728, 100
2026/08/13 23:26:16.499, 0, 53, 62, 147.28, 825, 1728, 100
2026/08/13 23:26:16.506, 1, 51, 62, 150.22, 900, 1728, 100
2026/08/13 23:26:17.545, 0, 54, 62, 146.83, 840, 1728, 100
2026/08/13 23:26:17.551, 1, 52, 63, 150.32, 900, 1728, 100
2026/08/13 23:26:18.594, 0, 54, 63, 150.33, 825, 1728, 100
2026/08/13 23:26:18.600, 1, 52, 63, 150.71, 900, 1728, 100
2026/08/13 23:26:19.641, 0, 55, 63, 148.10, 840, 1728, 100
2026/08/13 23:26:19.647, 1, 53, 63, 150.33, 885, 1728, 100
2026/08/13 23:26:20.688, 0, 55, 63, 149.91, 840, 1728, 100
2026/08/13 23:26:20.694, 1, 53, 64, 147.80, 900, 1728, 100
2026/08/13 23:26:21.735, 0, 55, 64, 150.68, 855, 1728, 100
2026/08/13 23:26:21.752, 1, 54, 64, 150.36, 900, 1728, 100
2026/08/13 23:26:22.793, 0, 56, 64, 149.32, 840, 1728, 100
2026/08/13 23:26:22.799, 1, 54, 64, 151.10, 900, 1728, 100
2026/08/13 23:26:23.839, 0, 56, 64, 150.97, 840, 1728, 100
2026/08/13 23:26:23.846, 1, 54, 64, 151.01, 900, 1728, 100
2026/08/13 23:26:24.886, 0, 56, 64, 151.12, 840, 1728, 100
2026/08/13 23:26:24.893, 1, 55, 64, 148.81, 900, 1728, 100
2026/08/13 23:26:25.933, 0, 57, 64, 152.33, 840, 1728, 100
2026/08/13 23:26:25.945, 1, 55, 64, 152.55, 885, 1728, 100
2026/08/13 23:26:27.012, 0, 57, 64, 149.66, 825, 1728, 100
2026/08/13 23:26:27.018, 1, 55, 64, 148.61, 885, 1728, 100
2026/08/13 23:26:28.057, 0, 57, 64, 150.20, 840, 1728, 100
2026/08/13 23:26:28.063, 1, 56, 65, 149.26, 885, 1728, 100
2026/08/13 23:26:29.103, 0, 57, 65, 146.80, 825, 1728, 100
2026/08/13 23:26:29.109, 1, 56, 65, 151.79, 885, 1728, 100
2026/08/13 23:26:30.150, 0, 58, 65, 147.48, 840, 1728, 100
2026/08/13 23:26:30.156, 1, 56, 65, 149.30, 885, 1728, 100
2026/08/13 23:26:31.198, 0, 58, 65, 152.73, 855, 1728, 100
2026/08/13 23:26:31.204, 1, 57, 65, 149.89, 885, 1728, 100
2026/08/13 23:26:32.246, 0, 58, 65, 152.20, 840, 1728, 100
2026/08/13 23:26:32.252, 1, 57, 65, 149.55, 885, 1728, 100
2026/08/13 23:26:33.292, 0, 58, 65, 151.01, 840, 1728, 100
2026/08/13 23:26:33.298, 1, 57, 66, 149.50, 885, 1728, 100
2026/08/13 23:26:34.338, 0, 59, 66, 149.91, 825, 1728, 100
2026/08/13 23:26:34.349, 1, 57, 66, 147.94, 870, 1728, 100
2026/08/13 23:26:35.418, 0, 59, 66, 151.31, 840, 1728, 100
2026/08/13 23:26:35.424, 1, 58, 66, 151.39, 900, 1728, 100
2026/08/13 23:26:36.462, 0, 59, 66, 151.21, 825, 1728, 100
2026/08/13 23:26:36.468, 1, 58, 66, 150.71, 900, 1728, 100
2026/08/13 23:26:37.507, 0, 59, 66, 148.45, 825, 1728, 100
2026/08/13 23:26:37.513, 1, 58, 66, 150.47, 900, 1728, 100
2026/08/13 23:26:38.554, 0, 60, 66, 149.37, 825, 1728, 100
2026/08/13 23:26:38.560, 1, 58, 67, 151.11, 900, 1728, 100
2026/08/13 23:26:39.600, 0, 60, 67, 150.83, 840, 1728, 100
2026/08/13 23:26:39.606, 1, 59, 67, 148.47, 885, 1728, 100
2026/08/13 23:26:40.645, 0, 60, 67, 150.44, 825, 1728, 100
2026/08/13 23:26:40.654, 1, 59, 67, 150.14, 885, 1728, 100
2026/08/13 23:26:41.694, 0, 60, 67, 149.85, 825, 1728, 100
2026/08/13 23:26:41.700, 1, 59, 67, 149.46, 900, 1728, 100
2026/08/13 23:26:42.741, 0, 61, 67, 150.53, 825, 1728, 100
2026/08/13 23:26:42.753, 1, 59, 67, 149.12, 885, 1728, 100
2026/08/13 23:26:43.794, 0, 61, 68, 149.90, 825, 1728, 100
2026/08/13 23:26:43.800, 1, 60, 68, 149.60, 885, 1728, 100
2026/08/13 23:26:44.841, 0, 57, 66, 61.35, 1245, 1728, 0
2026/08/13 23:26:44.854, 1, 56, 67, 60.60, 1440, 1728, 100
2026/08/13 23:26:45.911, 0, 56, 66, 68.61, 1395, 1728, 0
2026/08/13 23:26:45.916, 1, 53, 66, 61.08, 1455, 1728, 0
