spec,n_max,run,prefill,decode,vram_mib,host_ram_gib
1,2,1,30.201595650970226,22.62368538477497,63138,53
1,2,2,36.19167109009313,21.15905494350638,63138,53
1,2,3,36.12792899657688,22.16863816060602,63138,53
1,3,1,31.435008120710428,19.818686762286546,63150,53
1,3,2,36.14702803653862,18.67330407185089,63150,53
1,3,3,36.1971841607155,19.428154296847172,63150,53
1,5,1,31.25944295672651,13.842702328051836,63172,53
1,5,2,35.28555571074666,17.023084664652043,63172,53
1,5,3,35.39692489215,14.641747908438514,63172,53
