n_max,run,prefill,decode,vram0_mib,vram1_mib,host_ram_gib
3,1,69.75872202021259,45.79965277756574,52016,48246,8
3,2,110.1690636088631,38.02185470860748,52016,48246,8
3,3,110.00999257432551,46.922142089630675,52016,48246,8
4,1,69.0246245348028,39.51587780900264,52022,48252,8
4,2,111.05866674070577,45.44392810043472,52022,48252,8
4,3,111.40457965659539,33.59049093510217,52022,48252,8
5,1,69.14473722118825,37.303721804759036,52026,48258,8
5,2,109.0576960652892,42.86545875614155,52026,48258,8
5,3,109.82021515610487,21.739152488995277,52026,48258,8
