spec,n_max,run,prefill,decode,vram0_mib,vram1_mib,host_ram_gib
0,0,1,91.44773190573262,32.78682433049031,44915,44086,8
0,0,2,117.4524562244908,32.7664447140516,44915,44086,8
0,0,3,116.79798328815522,32.72172431271018,44915,44086,8
1,2,1,70.56333058920382,46.93029708911703,52011,48242,8
1,2,2,111.443894964129,45.184349888326885,52011,48242,8
1,2,3,112.44483175442049,50.970850280433126,52011,48242,8
1,3,1,70.05703810519066,21.708691074471663,52017,48246,8
1,3,2,111.24707976415618,44.22502281274094,52017,48246,8
1,3,3,111.65231469204896,43.616487206630055,52017,48246,8
1,5,1,69.5464700819779,39.781161180269926,52027,48258,8
1,5,2,109.50503723171266,31.967619784802512,52027,48258,8
1,5,3,108.70451395494197,18.25958409049742,52027,48258,8
