round,direction,watt_cap,tokens,decode_tok_s,prefill_tok_s,avg_power_w,peak_power_w,avg_temp_c,max_temp_c,tok_per_watt
1,ASC,100,250,114.69,239.26,92.3,103.3,43.3,44.0,1.2421
1,ASC,120,250,146.96,271.45,111.6,128.0,45.1,46.0,1.3163
1,ASC,140,250,145.70,273.05,126.4,140.4,46.0,47.0,1.1526
1,ASC,160,250,156.93,273.14,144.4,167.2,47.1,49.0,1.0868
1,ASC,180,250,139.36,273.52,149.9,166.7,47.9,49.0,0.9300
1,ASC,200,250,139.34,272.92,146.5,168.6,48.5,50.0,0.9510
2,DESC,200,250,155.00,273.59,148.4,171.9,49.0,51.0,1.0445
2,DESC,180,250,159.55,273.65,149.4,170.3,49.7,51.0,1.0681
2,DESC,160,250,155.51,274.03,145.6,166.6,50.0,51.0,1.0683
2,DESC,140,250,144.06,273.92,130.0,142.9,49.8,51.0,1.1082
2,DESC,120,250,129.17,273.05,115.5,133.4,49.4,50.0,1.1186
2,DESC,100,250,120.62,268.68,98.1,122.5,48.9,49.0,1.2297
3,ASC,100,250,120.49,271.49,98.0,119.5,49.3,50.0,1.2292
3,ASC,120,250,149.67,272.63,112.9,133.1,50.0,51.0,1.3262
3,ASC,140,250,141.77,274.25,130.1,146.1,50.9,52.0,1.0896
3,ASC,160,250,156.73,273.56,140.9,160.0,51.3,53.0,1.1125
3,ASC,180,250,146.27,274.96,152.7,171.7,52.1,54.0,0.9579
3,ASC,200,250,148.45,274.07,143.0,173.4,52.5,54.0,1.0384
4,DESC,200,250,148.65,274.81,153.6,173.5,52.8,54.0,0.9680
4,DESC,180,250,155.97,274.65,155.0,182.4,52.9,54.0,1.0065
4,DESC,160,250,139.35,274.44,141.8,164.1,53.1,54.0,0.9831
4,DESC,140,250,146.37,274.00,132.0,148.2,52.5,53.0,1.1089
4,DESC,120,250,135.78,273.20,113.8,130.3,51.8,52.0,1.1934
4,DESC,100,250,120.03,269.46,97.9,123.2,50.9,51.0,1.2263
5,ASC,100,250,133.92,271.44,97.1,119.8,50.9,51.0,1.3789
5,ASC,120,250,131.04,272.94,114.3,136.5,51.6,52.0,1.1464
5,ASC,140,250,129.80,273.89,119.4,144.2,52.8,54.0,1.0869
5,ASC,160,250,135.76,274.01,143.0,162.1,53.9,55.0,0.9494
5,ASC,180,250,147.72,272.90,151.3,169.2,54.5,56.0,0.9762
5,ASC,200,250,141.47,273.40,150.6,170.4,54.8,56.0,0.9395
