direction,watt_cap,tokens,decode_tok_s,prefill_tok_s,avg_power_w,peak_power_w,avg_temp_c,max_temp_c,tok_per_watt
UP,100,250,130.38,244.36,93.2,108.4,42.8,44.0,1.3988
UP,105,250,124.10,270.87,100.0,109.3,43.9,45.0,1.2405
UP,110,250,136.12,272.94,100.3,115.7,44.2,45.0,1.3568
UP,115,250,138.06,271.13,109.5,132.6,45.0,46.0,1.2614
UP,120,250,144.43,272.33,110.6,122.4,45.5,46.0,1.3053
UP,125,250,140.21,272.89,117.9,130.7,46.4,47.0,1.1889
UP,130,250,148.55,272.58,119.8,136.6,46.7,48.0,1.2404
DOWN,130,250,154.03,273.14,117.5,132.8,47.3,48.0,1.3108
DOWN,125,250,143.48,273.23,116.9,144.4,47.5,48.0,1.2269
DOWN,120,250,131.94,270.96,110.7,122.7,47.5,48.0,1.1919
DOWN,115,250,133.08,272.56,110.0,123.8,47.8,49.0,1.2101
DOWN,110,250,139.19,272.36,104.4,119.9,48.0,49.0,1.3334
DOWN,105,250,131.66,272.06,100.8,123.1,48.1,49.0,1.3055
DOWN,100,250,136.22,271.16,97.1,117.9,48.1,49.0,1.4025
