timestamp,temp_c,power_w,mem_used_mib
2026/08/06 20:03:08.642, 37, 35.32, 6
2026/08/06 20:03:09.668, 38, 42.79, 21562
2026/08/06 20:03:10.693, 38, 59.57, 21562
2026/08/06 20:03:11.717, 39, 59.48, 21562
2026/08/06 20:03:12.741, 39, 59.68, 21562
2026/08/06 20:03:13.765, 39, 59.68, 21562
2026/08/06 20:03:14.789, 39, 59.78, 21562
2026/08/06 20:03:15.814, 39, 59.87, 21562
2026/08/06 20:03:16.839, 39, 59.87, 21562
2026/08/06 20:03:17.865, 39, 59.78, 21562
2026/08/06 20:03:18.890, 39, 59.87, 21562
2026/08/06 20:03:19.914, 39, 59.78, 21562
2026/08/06 20:03:20.938, 39, 59.78, 21562
2026/08/06 20:03:21.964, 39, 59.87, 21562
2026/08/06 20:03:22.989, 39, 59.87, 21562
2026/08/06 20:03:24.009, 39, 59.32, 22452
2026/08/06 20:03:25.027, 38, 40.79, 22452
2026/08/06 20:03:26.045, 38, 40.80, 22452
2026/08/06 20:03:27.064, 38, 40.90, 22452
2026/08/06 20:03:28.083, 38, 40.88, 22452
2026/08/06 20:03:29.102, 39, 102.70, 22462
2026/08/06 20:03:30.121, 40, 102.03, 22462
2026/08/06 20:03:31.142, 41, 99.44, 22462
2026/08/06 20:03:32.162, 41, 99.03, 22462
2026/08/06 20:03:33.181, 41, 92.53, 22462
2026/08/06 20:03:34.201, 41, 107.30, 22462
2026/08/06 20:03:35.220, 41, 96.37, 22462
