timestamp,gpu_idx,temp_core_c,temp_mem_c,power_w,util_pct
2026-08-13 23:27:12,0,52,64,43.89,0
2026-08-13 23:27:12,1,48,64,34.96,0
2026-08-13 23:27:15,0,52,64,43.79,0
2026-08-13 23:27:15,1,48,64,34.86,0
2026-08-13 23:27:18,0,52,64,43.79,0
2026-08-13 23:27:18,1,48,64,34.97,0
2026-08-13 23:27:21,0,52,64,43.69,0
2026-08-13 23:27:21,1,48,64,34.87,0
2026-08-13 23:27:24,0,52,64,43.69,0
2026-08-13 23:27:24,1,48,64,34.86,0
2026-08-13 23:27:27,0,52,64,44.05,0
2026-08-13 23:27:27,1,48,64,34.86,0
2026-08-13 23:27:30,0,52,64,43.89,0
2026-08-13 23:27:30,1,48,64,34.69,0
2026-08-13 23:27:33,0,52,63,43.79,0
2026-08-13 23:27:33,1,47,63,34.67,0
2026-08-13 23:27:37,0,52,63,43.71,0
2026-08-13 23:27:37,1,47,64,34.69,0
2026-08-13 23:27:40,0,51,63,43.69,0
2026-08-13 23:27:40,1,47,63,34.76,0
2026-08-13 23:27:43,0,51,63,43.69,0
2026-08-13 23:27:43,1,47,63,34.57,0
2026-08-13 23:27:46,0,51,63,43.60,0
2026-08-13 23:27:46,1,47,63,34.67,0
2026-08-13 23:27:49,0,51,63,43.47,0
2026-08-13 23:27:49,1,47,63,34.57,0
2026-08-13 23:27:52,0,51,63,43.31,0
2026-08-13 23:27:52,1,47,63,34.49,0
2026-08-13 23:27:55,0,51,63,43.40,0
2026-08-13 23:27:55,1,47,63,34.48,0
2026-08-13 23:27:58,0,51,63,43.21,0
2026-08-13 23:27:58,1,47,63,34.48,0
2026-08-13 23:28:01,0,51,63,43.31,0
2026-08-13 23:28:01,1,46,63,34.48,0
2026-08-13 23:28:04,0,51,63,43.40,0
2026-08-13 23:28:04,1,46,63,34.47,0
2026-08-13 23:28:07,0,51,63,43.11,0
2026-08-13 23:28:07,1,46,63,34.48,0
2026-08-13 23:28:10,0,51,63,43.21,0
2026-08-13 23:28:10,1,46,63,34.28,0
2026-08-13 23:28:13,0,51,63,53.77,0
2026-08-13 23:28:13,1,46,63,39.85,0
2026-08-13 23:28:16,0,51,63,49.45,0
2026-08-13 23:28:17,1,46,63,40.25,0
2026-08-13 23:28:20,0,51,63,49.63,19
2026-08-13 23:28:20,1,48,63,60.15,46
2026-08-13 23:28:23,0,53,63,77.04,48
2026-08-13 23:28:23,1,48,63,60.01,47
2026-08-13 23:28:26,0,53,63,77.34,45
2026-08-13 23:28:26,1,48,63,60.29,47
2026-08-13 23:28:29,0,53,64,77.73,45
2026-08-13 23:28:29,1,48,63,60.21,48
2026-08-13 23:28:32,0,53,64,78.02,48
2026-08-13 23:28:32,1,48,63,60.18,47
2026-08-13 23:28:35,0,53,64,78.12,48
2026-08-13 23:28:35,1,49,63,60.41,47
2026-08-13 23:28:38,0,54,64,78.31,47
2026-08-13 23:28:38,1,49,64,60.48,45
2026-08-13 23:28:41,0,54,64,78.71,46
2026-08-13 23:28:41,1,49,64,60.41,46
2026-08-13 23:28:44,0,54,64,78.82,46
2026-08-13 23:28:44,1,49,64,60.10,33
2026-08-13 23:28:47,0,54,64,78.21,25
2026-08-13 23:28:47,1,49,64,60.48,33
2026-08-13 23:28:50,0,54,64,74.99,45
2026-08-13 23:28:50,1,49,64,60.21,26
2026-08-13 23:28:53,0,55,64,97.45,38
2026-08-13 23:28:53,1,49,64,61.25,39
2026-08-13 23:28:56,0,55,64,79.39,39
2026-08-13 23:28:56,1,50,64,61.08,40
2026-08-13 23:28:59,0,55,65,80.18,40
2026-08-13 23:29:00,1,50,64,61.16,40
2026-08-13 23:29:03,0,55,65,79.59,36
2026-08-13 23:29:03,1,50,64,61.18,39
2026-08-13 23:29:06,0,55,65,79.97,35
2026-08-13 23:29:06,1,50,64,61.45,44
2026-08-13 23:29:09,0,56,65,80.08,34
2026-08-13 23:29:09,1,50,64,61.47,39
2026-08-13 23:29:12,0,55,65,51.97,0
2026-08-13 23:29:12,1,50,64,60.71,100
2026-08-13 23:29:15,0,56,65,82.21,2
2026-08-13 23:29:15,1,50,64,60.38,0
2026-08-13 23:29:18,0,60,66,153.79,85
2026-08-13 23:29:18,1,58,65,153.78,100
2026-08-13 23:29:21,0,62,67,155.77,100
2026-08-13 23:29:21,1,59,66,127.86,100
2026-08-13 23:29:24,0,63,68,150.92,100
2026-08-13 23:29:24,1,54,66,61.28,0
2026-08-13 23:29:27,0,58,67,57.60,11
2026-08-13 23:29:27,1,51,65,41.25,0
2026-08-13 23:29:30,0,56,67,52.58,0
2026-08-13 23:29:30,1,52,65,61.48,0
2026-08-13 23:29:33,0,56,66,52.59,0
2026-08-13 23:29:33,1,51,65,45.07,0
2026-08-13 23:29:36,0,56,66,52.69,11
2026-08-13 23:29:36,1,50,65,41.14,0
2026-08-13 23:29:39,0,57,67,82.80,0
2026-08-13 23:29:39,1,52,65,61.67,0
2026-08-13 23:29:42,0,56,66,52.48,0
2026-08-13 23:29:42,1,50,65,41.04,0
2026-08-13 23:29:46,0,56,66,52.18,0
2026-08-13 23:29:46,1,50,65,40.94,0
2026-08-13 23:29:49,0,56,66,52.18,0
2026-08-13 23:29:49,1,50,64,40.93,0
2026-08-13 23:29:52,0,55,66,52.19,0
2026-08-13 23:29:52,1,50,64,41.12,0
2026-08-13 23:29:55,0,55,65,52.08,0
2026-08-13 23:29:55,1,50,64,40.85,0
2026-08-13 23:29:58,0,55,66,52.07,10
2026-08-13 23:29:58,1,51,65,152.91,71
2026-08-13 23:30:01,0,58,67,83.11,37
2026-08-13 23:30:01,1,53,66,148.32,25
2026-08-13 23:30:04,0,59,68,82.52,38
2026-08-13 23:30:04,1,53,66,62.52,0
2026-08-13 23:30:07,0,58,66,83.79,0
2026-08-13 23:30:07,1,52,66,62.07,0
2026-08-13 23:30:10,0,59,67,82.89,53
2026-08-13 23:30:10,1,53,65,62.32,32
2026-08-13 23:30:13,0,59,68,84.34,0
2026-08-13 23:30:13,1,53,65,62.44,37
2026-08-13 23:30:16,0,59,67,84.46,0
2026-08-13 23:30:16,1,53,66,66.27,0
2026-08-13 23:30:19,0,59,68,85.02,16
2026-08-13 23:30:19,1,53,66,63.32,25
2026-08-13 23:30:22,0,60,68,85.11,53
2026-08-13 23:30:22,1,54,66,63.78,52
2026-08-13 23:30:25,0,60,68,161.03,0
2026-08-13 23:30:25,1,53,65,62.82,0
2026-08-13 23:30:29,0,60,69,85.61,0
2026-08-13 23:30:29,1,54,65,62.71,0
2026-08-13 23:30:32,0,58,68,105.00,0
2026-08-13 23:30:32,1,53,66,62.38,0
2026-08-13 23:30:35,0,60,69,154.68,0
2026-08-13 23:30:35,1,54,65,62.44,0
2026-08-13 23:30:38,0,60,69,83.39,45
2026-08-13 23:30:38,1,54,66,63.42,52
2026-08-13 23:30:41,0,60,69,86.39,0
2026-08-13 23:30:41,1,54,67,43.67,0
2026-08-13 23:30:44,0,60,69,181.30,0
2026-08-13 23:30:44,1,54,65,62.85,0
2026-08-13 23:30:47,0,61,69,86.88,0
2026-08-13 23:30:47,1,54,67,63.01,0
2026-08-13 23:30:50,0,61,70,79.20,0
2026-08-13 23:30:50,1,55,66,61.18,47
2026-08-13 23:30:53,0,62,70,167.16,0
2026-08-13 23:30:53,1,55,67,61.18,0
2026-08-13 23:30:56,0,61,69,193.84,0
2026-08-13 23:30:56,1,54,67,43.37,0
2026-08-13 23:30:59,0,62,69,84.05,29
2026-08-13 23:30:59,1,55,68,61.56,21
2026-08-13 23:31:02,0,62,70,138.01,0
2026-08-13 23:31:02,1,57,69,114.03,46
2026-08-13 23:31:05,0,63,71,86.36,0
2026-08-13 23:31:05,1,56,68,63.88,0
2026-08-13 23:31:08,0,61,71,63.62,39
2026-08-13 23:31:08,1,55,68,60.19,68
2026-08-13 23:31:12,0,60,70,55.32,0
2026-08-13 23:31:12,1,53,66,42.16,0
2026-08-13 23:31:15,0,61,69,56.47,0
2026-08-13 23:31:15,1,54,67,42.70,0
2026-08-13 23:31:18,0,60,69,55.03,0
2026-08-13 23:31:18,1,53,66,42.12,0
2026-08-13 23:31:21,0,59,68,54.96,0
2026-08-13 23:31:21,1,53,67,41.91,0
2026-08-13 23:31:24,0,59,69,54.84,0
2026-08-13 23:31:24,1,52,66,41.81,0
2026-08-13 23:31:27,0,59,69,54.76,0
2026-08-13 23:31:27,1,52,66,41.82,0
2026-08-13 23:31:30,0,59,69,54.65,0
2026-08-13 23:31:30,1,52,66,41.63,0
2026-08-13 23:31:33,0,59,69,54.54,0
2026-08-13 23:31:33,1,52,66,41.54,0
2026-08-13 23:31:36,0,59,69,54.31,0
2026-08-13 23:31:36,1,52,66,41.42,0
2026-08-13 23:31:39,0,59,69,54.36,0
2026-08-13 23:31:39,1,52,66,41.45,0
2026-08-13 23:31:42,0,58,68,54.26,0
2026-08-13 23:31:42,1,52,66,41.52,0
2026-08-13 23:31:45,0,62,73,157.28,99
2026-08-13 23:31:45,1,57,69,147.03,99
2026-08-13 23:31:48,0,64,74,148.98,99
2026-08-13 23:31:48,1,59,69,150.30,99
2026-08-13 23:31:51,0,64,74,149.44,99
2026-08-13 23:31:52,1,60,71,150.26,99
2026-08-13 23:31:55,0,65,74,145.73,99
2026-08-13 23:31:55,1,61,71,140.01,99
2026-08-13 23:31:58,0,66,76,143.05,99
2026-08-13 23:31:58,1,61,73,151.83,99
2026-08-13 23:32:01,0,66,76,143.01,99
2026-08-13 23:32:01,1,62,73,145.90,99
2026-08-13 23:32:04,0,67,75,149.39,99
2026-08-13 23:32:04,1,63,71,149.35,99
2026-08-13 23:32:07,0,67,75,153.95,99
2026-08-13 23:32:07,1,63,73,147.11,99
2026-08-13 23:32:10,0,67,75,153.31,99
2026-08-13 23:32:10,1,64,75,145.34,99
2026-08-13 23:32:13,0,68,76,157.24,99
2026-08-13 23:32:13,1,64,73,151.78,99
2026-08-13 23:32:16,0,68,76,152.95,99
2026-08-13 23:32:16,1,65,75,154.26,99
2026-08-13 23:32:19,0,69,76,156.88,99
2026-08-13 23:32:19,1,65,74,145.65,99
2026-08-13 23:32:22,0,69,77,155.29,99
2026-08-13 23:32:22,1,66,75,155.49,99
2026-08-13 23:32:25,0,69,78,149.03,99
2026-08-13 23:32:25,1,66,76,140.44,99
2026-08-13 23:32:28,0,69,78,151.06,99
2026-08-13 23:32:28,1,66,73,149.12,99
2026-08-13 23:32:31,0,70,77,137.32,99
2026-08-13 23:32:31,1,67,74,148.73,99
2026-08-13 23:32:35,0,68,75,96.48,16
2026-08-13 23:32:35,1,67,75,142.73,99
2026-08-13 23:32:38,0,67,74,92.15,0
2026-08-13 23:32:38,1,67,76,143.87,99
2026-08-13 23:32:41,0,64,73,50.61,0
2026-08-13 23:32:41,1,63,72,70.57,100
2026-08-13 23:32:44,0,63,72,50.17,0
2026-08-13 23:32:44,1,60,71,39.00,0
